[
  {
    "id": "fe9214fe-3026-445e-b489-768617fcbc89",
    "data": [
      {
        "text": "reportar un problema con mi servicio",
        "userDefined": false
      }
    ],
    "isTemplate": false,
    "count": 1,
    "lang": "es",
    "updated": 0
  },
  {
    "id": "f46b18aa-b014-4aa2-ae22-4ea2dc59773c",
    "data": [
      {
        "text": "mi internet esta fallando",
        "userDefined": false
      }
    ],
    "isTemplate": false,
    "count": 0,
    "lang": "es",
    "updated": 0
  },
  {
    "id": "3593ee34-5f40-4203-9905-79a240302f74",
    "data": [
      {
        "text": "no tengo internet",
        "userDefined": false
      }
    ],
    "isTemplate": false,
    "count": 0,
    "lang": "es",
    "updated": 0
  },
  {
    "id": "1bf19875-1b84-4f6b-be1e-a40d981e4a1a",
    "data": [
      {
        "text": "no tengo cable",
        "userDefined": false
      }
    ],
    "isTemplate": false,
    "count": 0,
    "lang": "es",
    "updated": 0
  },
  {
    "id": "0f494217-7bc0-4bb3-843d-ab129daf7d6b",
    "data": [
      {
        "text": "averia",
        "userDefined": false
      }
    ],
    "isTemplate": false,
    "count": 0,
    "lang": "es",
    "updated": 0
  },
  {
    "id": "3a17e18a-0d22-4847-85d0-93136796b02d",
    "data": [
      {
        "text": "Tengo un problema con el servicio",
        "userDefined": false
      }
    ],
    "isTemplate": false,
    "count": 0,
    "lang": "es",
    "updated": 0
  },
  {
    "id": "6f0cbbfc-559c-450d-86f4-f11c89cc7147",
    "data": [
      {
        "text": "Quiero reportar una avería",
        "userDefined": false
      }
    ],
    "isTemplate": false,
    "count": 0,
    "lang": "es",
    "updated": 0
  }
]