[
  {
    "id": "facc2243-2f51-4847-a7d5-20f0273950fc",
    "data": [
      {
        "text": "buenos dias",
        "userDefined": false
      }
    ],
    "isTemplate": false,
    "count": 0,
    "lang": "es",
    "updated": 0
  },
  {
    "id": "24fd95e9-b7ec-4c78-96cc-22d061c166db",
    "data": [
      {
        "text": "buenas noches",
        "meta": "@sys.geo-city",
        "alias": "geo-city",
        "userDefined": false
      }
    ],
    "isTemplate": false,
    "count": 0,
    "lang": "es",
    "updated": 0
  },
  {
    "id": "2f3859ae-aa4d-4982-ba01-1f954b377a97",
    "data": [
      {
        "text": "buenas tardes",
        "meta": "@sys.music-artist",
        "alias": "music-artist",
        "userDefined": false
      }
    ],
    "isTemplate": false,
    "count": 0,
    "lang": "es",
    "updated": 0
  },
  {
    "id": "124888f8-703b-4b9b-8ca2-19fbc83d350c",
    "data": [
      {
        "text": "hola",
        "userDefined": false
      }
    ],
    "isTemplate": false,
    "count": 0,
    "lang": "es",
    "updated": 0
  }
]