[
  {
    "id": "af902aa8-ba2b-4426-b266-1de9af42d281",
    "data": [
      {
        "text": "cual ",
        "userDefined": false
      },
      {
        "text": "es",
        "meta": "@sys.location",
        "alias": "location",
        "userDefined": false
      },
      {
        "text": " ",
        "userDefined": false
      },
      {
        "text": "mi",
        "meta": "@sys.unit-length-name",
        "alias": "unit-length-name",
        "userDefined": false
      },
      {
        "text": " wifi",
        "userDefined": false
      }
    ],
    "isTemplate": false,
    "count": 0,
    "lang": "es",
    "updated": 0
  },
  {
    "id": "511490a4-a1a9-4147-8a3a-0dd9ab0ece8a",
    "data": [
      {
        "text": "olvide ",
        "userDefined": false
      },
      {
        "text": "mi",
        "meta": "@sys.unit-length-name",
        "alias": "unit-length-name",
        "userDefined": false
      },
      {
        "text": " contraseña",
        "userDefined": false
      }
    ],
    "isTemplate": false,
    "count": 0,
    "lang": "es",
    "updated": 0
  },
  {
    "id": "f3c37212-d41f-4ece-9cb4-6eacf364ee9d",
    "data": [
      {
        "text": "olvide ",
        "userDefined": false
      },
      {
        "text": "mi",
        "meta": "@sys.unit-length-name",
        "alias": "unit-length-name",
        "userDefined": false
      },
      {
        "text": " wifi",
        "userDefined": false
      }
    ],
    "isTemplate": false,
    "count": 0,
    "lang": "es",
    "updated": 0
  },
  {
    "id": "f13c9d0a-0c5b-4390-b0b7-87ad1faf0f5d",
    "data": [
      {
        "text": "wifi",
        "userDefined": false
      }
    ],
    "isTemplate": false,
    "count": 0,
    "lang": "es",
    "updated": 0
  }
]