[
  {
    "id": "57ebffc4-5aee-4d57-b0fb-7a38f6b69d2c",
    "data": [
      {
        "text": "Tengo alguna deuda",
        "userDefined": false
      }
    ],
    "isTemplate": false,
    "count": 0,
    "lang": "es",
    "updated": 0
  },
  {
    "id": "f85496bd-45ff-4250-b663-9d7b33707570",
    "data": [
      {
        "text": "Quiero saber cuánto debo",
        "userDefined": false
      }
    ],
    "isTemplate": false,
    "count": 0,
    "lang": "es",
    "updated": 0
  },
  {
    "id": "afceb24e-0e3a-49f7-afab-51f1eee3daf8",
    "data": [
      {
        "text": "Consulta ",
        "userDefined": false
      },
      {
        "text": "mi",
        "meta": "@sys.unit-length-name",
        "alias": "unit-length-name",
        "userDefined": false
      },
      {
        "text": " deuda",
        "userDefined": false
      }
    ],
    "isTemplate": false,
    "count": 0,
    "lang": "es",
    "updated": 0
  },
  {
    "id": "55ed8a87-a8d0-486c-909d-29808a9f4df3",
    "data": [
      {
        "text": "dni",
        "userDefined": false
      }
    ],
    "isTemplate": false,
    "count": 0,
    "lang": "es",
    "updated": 0
  },
  {
    "id": "cf8cb4f9-9c9e-4408-945e-98fe0e4cfb42",
    "data": [
      {
        "text": "deuda",
        "userDefined": false
      }
    ],
    "isTemplate": false,
    "count": 0,
    "lang": "es",
    "updated": 0
  }
]