[
  {
    "id": "0b9cc677-02a6-4f12-a28f-fd7f21c69ff2",
    "data": [
      {
        "text": "contrato",
        "userDefined": false
      }
    ],
    "isTemplate": false,
    "count": 0,
    "lang": "es",
    "updated": 0
  },
  {
    "id": "be8ea907-bc67-4a09-bbd6-969fd1fb98f8",
    "data": [
      {
        "text": "quiero tener internet",
        "userDefined": false
      }
    ],
    "isTemplate": false,
    "count": 0,
    "lang": "es",
    "updated": 0
  },
  {
    "id": "f2e4ed9d-9440-4b5a-b1ec-cded4ae450b0",
    "data": [
      {
        "text": "quiero tener cable",
        "userDefined": false
      }
    ],
    "isTemplate": false,
    "count": 2,
    "lang": "es",
    "updated": 0
  },
  {
    "id": "61197dd9-4ebb-4aa6-9c18-fa0377e38c1f",
    "data": [
      {
        "text": "necesito internet",
        "userDefined": false
      }
    ],
    "isTemplate": false,
    "count": 0,
    "lang": "es",
    "updated": 0
  },
  {
    "id": "632db22a-75c4-4211-964a-277ff249d710",
    "data": [
      {
        "text": "necesito cable",
        "userDefined": false
      }
    ],
    "isTemplate": false,
    "count": 0,
    "lang": "es",
    "updated": 0
  },
  {
    "id": "fb7ae1ce-251e-4372-81b4-a4671097e5e8",
    "data": [
      {
        "text": "quiero contratar",
        "userDefined": false
      }
    ],
    "isTemplate": false,
    "count": 0,
    "lang": "es",
    "updated": 0
  },
  {
    "id": "e8323e8f-47e0-4d5e-a7c3-7b34ffa32813",
    "data": [
      {
        "text": "servicios",
        "userDefined": false
      }
    ],
    "isTemplate": false,
    "count": 0,
    "lang": "es",
    "updated": 0
  }
]