[
  {
    "id": "223185d2-965f-4f58-a2cd-84ccd159bf85",
    "data": [
      {
        "text": "duo lima",
        "meta": "@sys.location",
        "alias": "location",
        "userDefined": false
      }
    ],
    "isTemplate": false,
    "count": 0,
    "lang": "es",
    "updated": 0
  },
  {
    "id": "2dbb18e7-2a8b-4254-b3b3-d7127908d7d1",
    "data": [
      {
        "text": "duolima",
        "userDefined": false
      }
    ],
    "isTemplate": false,
    "count": 0,
    "lang": "es",
    "updated": 0
  }
]