[
  {
    "id": "bfadeac5-e14a-4e5a-9567-4dee404d8cc3",
    "data": [
      {
        "text": "Solicitar Servicio",
        "userDefined": false
      }
    ],
    "isTemplate": false,
    "count": 0,
    "lang": "es",
    "updated": 0
  },
  {
    "id": "0d5712e6-e45c-4b18-a6a0-b4c4649a56bb",
    "data": [
      {
        "text": "Me gustaría inscribirme para ",
        "userDefined": false
      },
      {
        "text": "un",
        "meta": "@sys.person",
        "alias": "nombres",
        "userDefined": false
      },
      {
        "text": " servicio",
        "userDefined": false
      }
    ],
    "isTemplate": false,
    "count": 0,
    "lang": "es",
    "updated": 0
  },
  {
    "id": "a92bebf8-19e0-4774-8d46-2a98fc5a761d",
    "data": [
      {
        "text": "Necesito registrar ",
        "userDefined": false
      },
      {
        "text": "un",
        "meta": "@sys.person",
        "alias": "nombres",
        "userDefined": false
      },
      {
        "text": " servicio",
        "userDefined": false
      }
    ],
    "isTemplate": false,
    "count": 0,
    "lang": "es",
    "updated": 0
  },
  {
    "id": "678e27d9-5a21-4717-9bbb-f2970336b6ac",
    "data": [
      {
        "text": "Quiero solicitar ",
        "userDefined": false
      },
      {
        "text": "un",
        "meta": "@sys.person",
        "alias": "nombres",
        "userDefined": false
      },
      {
        "text": " servicio",
        "userDefined": false
      }
    ],
    "isTemplate": false,
    "count": 0,
    "lang": "es",
    "updated": 0
  }
]