[
  {
    "id": "4a7a12c1-0067-4a9c-ab73-9df6f4ade7be",
    "data": [
      {
        "text": "internetlima",
        "userDefined": false
      }
    ],
    "isTemplate": false,
    "count": 0,
    "lang": "es",
    "updated": 0
  },
  {
    "id": "b7977688-ace2-4511-ae61-7f9a44d1d90f",
    "data": [
      {
        "text": "internet ",
        "userDefined": false
      },
      {
        "text": "lima",
        "meta": "@sys.location",
        "alias": "location",
        "userDefined": false
      }
    ],
    "isTemplate": false,
    "count": 0,
    "lang": "es",
    "updated": 0
  },
  {
    "id": "7d6de8e0-97e0-4ac7-89a0-8319b2b06a04",
    "data": [
      {
        "text": "lima",
        "meta": "@sys.location",
        "alias": "location",
        "userDefined": false
      }
    ],
    "isTemplate": false,
    "count": 1,
    "lang": "es",
    "updated": 0
  }
]