[
  {
    "id": "0672dbd0-1c80-47a3-86ad-4c381786f3e7",
    "data": [
      {
        "text": "medios de pago",
        "userDefined": false
      }
    ],
    "isTemplate": false,
    "count": 0,
    "lang": "es",
    "updated": 0
  },
  {
    "id": "a66b8782-c5b3-42c0-bac9-1975ab169487",
    "data": [
      {
        "text": "bcp",
        "userDefined": false
      }
    ],
    "isTemplate": false,
    "count": 0,
    "lang": "es",
    "updated": 0
  },
  {
    "id": "2667ca53-6baa-473f-8f09-a7857f894aea",
    "data": [
      {
        "text": "yape",
        "userDefined": false
      }
    ],
    "isTemplate": false,
    "count": 0,
    "lang": "es",
    "updated": 0
  },
  {
    "id": "9e562d9d-de14-4907-8c27-f47e52e2cd8e",
    "data": [
      {
        "text": "pagos",
        "userDefined": false
      }
    ],
    "isTemplate": false,
    "count": 0,
    "lang": "es",
    "updated": 0
  }
]