[
  {
    "id": "f4e5e097-1f66-4486-92a5-9b0ede35f00f",
    "data": [
      {
        "text": "san juan de miraflores",
        "meta": "@ubicacion",
        "alias": "ubicacion",
        "userDefined": false
      }
    ],
    "isTemplate": false,
    "count": 0,
    "lang": "es",
    "updated": 0
  },
  {
    "id": "8f637d1b-076b-4091-b68d-3db7ccfb4389",
    "data": [
      {
        "text": "sanjuan",
        "meta": "@sys.location",
        "alias": "location",
        "userDefined": false
      }
    ],
    "isTemplate": false,
    "count": 0,
    "lang": "es",
    "updated": 0
  }
]