[
  {
    "id": "7b8403cd-dcb8-4e3e-9aeb-a0c87f2c2bbb",
    "data": [
      {
        "text": "fibra optica",
        "userDefined": false
      }
    ],
    "isTemplate": false,
    "count": 0,
    "lang": "es",
    "updated": 0
  },
  {
    "id": "a9f54cdd-9555-4486-b7a8-2f3d3d75aec9",
    "data": [
      {
        "text": "duo",
        "meta": "@sys.location",
        "alias": "location",
        "userDefined": false
      }
    ],
    "isTemplate": false,
    "count": 0,
    "lang": "es",
    "updated": 0
  },
  {
    "id": "1e9756ab-cdf9-4f5b-930b-e3edd2094f34",
    "data": [
      {
        "text": "internet",
        "userDefined": false
      }
    ],
    "isTemplate": false,
    "count": 2,
    "lang": "es",
    "updated": 0
  },
  {
    "id": "acd33172-1de4-4d63-9833-58d219e48456",
    "data": [
      {
        "text": "cable",
        "meta": "@sys.unit-length-name",
        "alias": "unit-length-name",
        "userDefined": false
      }
    ],
    "isTemplate": false,
    "count": 0,
    "lang": "es",
    "updated": 0
  },
  {
    "id": "524b08b9-6090-4138-b5e3-65c2a3441d48",
    "data": [
      {
        "text": "servicios",
        "meta": "@sys.location",
        "alias": "location",
        "userDefined": false
      }
    ],
    "isTemplate": false,
    "count": 1,
    "lang": "es",
    "updated": 0
  },
  {
    "id": "5176e9df-89de-4dd0-a704-15c0878ae81a",
    "data": [
      {
        "text": "¿Qué ",
        "userDefined": false
      },
      {
        "text": "servicios",
        "meta": "@sys.location",
        "alias": "location",
        "userDefined": false
      },
      {
        "text": " ofrecen?",
        "userDefined": false
      }
    ],
    "isTemplate": false,
    "count": 0,
    "lang": "es",
    "updated": 0
  },
  {
    "id": "587e7106-9e84-49d8-993e-7b11b294b03a",
    "data": [
      {
        "text": "Quiero saber sobre ",
        "userDefined": false
      },
      {
        "text": "los servicios",
        "meta": "@sys.location",
        "alias": "location",
        "userDefined": false
      }
    ],
    "isTemplate": false,
    "count": 0,
    "lang": "es",
    "updated": 0
  }
]