[
  {
    "id": "277a26a1-9cf1-46e4-b3b0-ee5feca6b167",
    "data": [
      {
        "text": "celular",
        "userDefined": false
      }
    ],
    "isTemplate": false,
    "count": 0,
    "lang": "es",
    "updated": 0
  },
  {
    "id": "abb11833-13f2-4598-bcd5-802f7e4e556a",
    "data": [
      {
        "text": "numero",
        "userDefined": false
      }
    ],
    "isTemplate": false,
    "count": 0,
    "lang": "es",
    "updated": 0
  },
  {
    "id": "ae7b2786-fc3a-44d6-928b-f81024db6bf1",
    "data": [
      {
        "text": "whatsapp",
        "userDefined": false
      }
    ],
    "isTemplate": false,
    "count": 0,
    "lang": "es",
    "updated": 0
  },
  {
    "id": "1ad665ba-a4ff-4a36-9dd4-29b518508c1d",
    "data": [
      {
        "text": "contacto",
        "userDefined": false
      }
    ],
    "isTemplate": false,
    "count": 0,
    "lang": "es",
    "updated": 0
  },
  {
    "id": "de3f60ee-1326-40b0-8e87-b8436629e5fa",
    "data": [
      {
        "text": "telefono",
        "userDefined": false
      }
    ],
    "isTemplate": false,
    "count": 0,
    "lang": "es",
    "updated": 0
  }
]