[
  {
    "id": "f6a83e01-02fd-4eb2-a4cc-815bd24047c2",
    "data": [
      {
        "text": "villaelsalvador",
        "userDefined": false
      }
    ],
    "isTemplate": false,
    "count": 0,
    "lang": "es",
    "updated": 0
  },
  {
    "id": "4bc79578-a247-413c-af90-f7d5b864a53e",
    "data": [
      {
        "text": "lima",
        "userDefined": false
      }
    ],
    "isTemplate": false,
    "count": 1,
    "lang": "es",
    "updated": 0
  },
  {
    "id": "cefe86b0-329d-4aaf-95c8-dc29917448e1",
    "data": [
      {
        "text": "villa el salvador",
        "userDefined": false
      }
    ],
    "isTemplate": false,
    "count": 0,
    "lang": "es",
    "updated": 0
  },
  {
    "id": "d060446f-e744-4730-af53-226cc23d9c07",
    "data": [
      {
        "text": "ves",
        "userDefined": false
      }
    ],
    "isTemplate": false,
    "count": 0,
    "lang": "es",
    "updated": 0
  }
]